CustomerID,Name,Address,City,State,ZipCode,Email,PhoneNumber,EffectiveDate,Version
1,Allison Hill,18196 Anthony Forge,New Carolyn,ID,94351,shaneramirez@gmail.com,001-265-423-5116x15594,2024-12-26,1
2,Joe Martinez,84959 Janet Cape Apt. 413,South Joshuastad,MN,47067,jacqueline19@jackson.biz,835-030-5641x395,2023-09-22,1
3,Jennifer Rocha,42388 Burgess Meadow Suite 532,Daviston,DE,20534,ycarlson@carlson-mcdonald.com,+1-018-451-4627,2023-04-12,1
4,Sherri Baker,148 Eric Track,New Stephanie,AL,79005,xsmith@yahoo.com,039.117.1822,2024-09-03,1
5,Joshua Baker,83465 Lam Mission Apt. 331,Andrewside,OR,29365,zimmermanbrian@whitehead.com,347.382.9973x76311,2024-09-02,1
6,Jeff Owens,106 Mcbride Coves,East James,DC,55797,steven17@garcia.com,326-773-6026,2023-04-11,1
7,Mrs. Rachel Gibson,872 Kenneth Centers Apt. 500,Shawhaven,AR,67063,caseyjones@powell.com,001-909-169-9854,2023-09-15,1
8,Emily Baker,475 Albert Road,North Amandahaven,DC,46246,mikemoore@warner.net,8412411824,2023-11-14,1
9,Michelle Harris,740 Cynthia Village Suite 005,Lake Tina,WA,58413,rodriguezsierra@hotmail.com,(805)982-6204,2024-01-18,1
10,Rebecca Valencia,31586 Sara Freeway Apt. 260,Lake Sandra,MT,88307,erik16@garrison.com,543.303.6541x458,2024-02-14,1
11,Sarah Rivera,42940 Candace Key,Samuelhaven,MS,76075,bradley60@frost.com,(615)951-4846x564,2024-06-13,1
12,Jason Bentley,946 Kevin Fords,Floydmouth,NV,58455,yleon@jackson.org,134-332-0037x91769,2023-09-08,1
13,Janet Ross,016 Gregory Square,Williamsbury,DE,60330,jcontreras@stewart.net,(872)774-3487x34714,2023-10-09,1
14,Francisco Fernandez,36231 Russell Plains,Perryborough,MT,51550,wwoods@molina-castaneda.biz,+1-893-734-6706,2023-12-27,1
15,Rebecca Ramsey,98069 Christopher Meadow Apt. 720,Nicholasborough,MD,44737,karen64@gmail.com,080.531.0033x0923,2023-07-17,1
16,Brian Gould,452 Kimberly Estates Suite 190,Barbarafurt,VT,26496,curtisbarton@burke.com,(865)185-0671x657,2024-10-10,1
17,Christopher Boyd,877 Petersen Ramp Suite 531,Nicolebury,NH,75192,anthony52@yahoo.com,545.494.8083,2023-06-15,1
18,Jason Peters,777 Christopher Forges,Holtport,OR,48869,ronald85@yahoo.com,001-744-431-3518x233,2024-11-03,1
19,Dr. William Warren,34352 Smith Place Apt. 400,Heidiberg,WV,64841,andrewstaylor@peterson-sheppard.com,116.719.0229x4131,2024-06-16,1
20,Lisa Gibbs,677 Dalton Meadow,Ashleyton,WA,13507,josephmiller@thompson.com,6797403447,2023-06-04,1
21,Tammy French,1832 Serrano Cliffs,East Laurashire,LA,58061,sbarker@bender-mason.info,190.659.4013x990,2024-11-24,1
22,Debra Williams,8742 Walters Overpass,South Michaelmouth,TN,14211,robert74@landry.info,545-168-0876,2023-05-22,1
23,Isaiah Avila,34824 Gilmore Oval Apt. 093,West Andrea,MT,12718,murraydavid@jimenez.com,467.737.8263x98214,2024-11-30,1
24,Jennifer Villa,44997 Sean Orchard Suite 588,Gibsonmouth,ID,91923,xhall@williams-garner.biz,(270)289-5171x8702,2024-02-22,1
25,Tracy Jones,9615 Finley Road Suite 809,East Crystalport,WA,12347,hodgesjane@gmail.com,240.050.4556x238,2024-02-24,1
26,Rebecca Jackson,693 Durham Divide,South Dana,KS,87905,rsantana@moore.org,647-436-7136x9594,2024-10-04,1
27,William Barrett,90974 Catherine Knoll Apt. 394,Lake Colton,SD,05668,xjohnson@hotmail.com,(145)623-2858,2024-05-03,1
28,Sandra Scott,5171 Karen Fork Suite 851,Smithside,NH,48812,xcarson@gmail.com,+1-370-985-9317x46120,2023-05-08,1
29,Johnathan Davis,7586 Nicole Shoal,Port Tracychester,AZ,90977,scottsampson@yahoo.com,585-064-3171,2024-09-05,1
30,Mark Maddox,3293 Maria Plaza,New Jason,IN,43565,ramireztracey@fernandez.com,+1-020-539-5024x02681,2024-11-09,1
31,Jerome Cox,8390 Ellis Burgs,South Melaniechester,CT,64761,lammarc@gmail.com,249-985-6984,2024-03-27,1
32,Jessica Mcguire,836 Beasley Loop,Mariafurt,VA,12964,qedwards@yahoo.com,(711)116-1528,2023-05-26,1
33,Kristina Rivera,5604 Bell Ports,East Diane,CT,46391,farmeraudrey@yahoo.com,+1-998-094-0244,2025-03-25,1
34,Aaron Kane,20183 Barnes Junctions Apt. 545,North Ericton,CO,36166,ctucker@yahoo.com,381-561-4978x403,2024-02-11,1
35,Mrs. Christine Dougherty,4510 Burgess Extensions,South Amanda,NY,73734,sandersjudy@yahoo.com,7159696641,2024-02-18,1
36,Frederick Solis,516 John Radial Suite 816,Juliebury,WI,22538,schmidtjames@bell-mullen.com,124.329.2127,2024-04-04,1
37,Olivia Cole,527 Taylor Roads Suite 490,Williamport,NV,05430,marie11@wheeler.com,935.978.2071x518,2024-08-23,1
38,David Kim,892 Watson Haven Suite 659,Port Crystalmouth,MA,12888,johnathan92@yahoo.com,925-462-9148,2024-01-27,1
39,Erin Anderson,685 Michael Falls,West Stacey,ID,30194,chrisrichard@romero.net,5929622292,2024-10-21,1
40,Jason Rhodes,9473 Kyle Valleys,Mckeeborough,TX,75267,xhammond@yahoo.com,862.392.4075x81814,2023-06-14,1
41,Denise Whitehead,1375 Robert Locks,Joeland,IN,04195,combsdebra@gmail.com,(047)277-9010,2023-10-25,1
42,Chase Bentley,43410 Robert Underpass Suite 117,Lake Zacharybury,FL,38678,mendezjohn@yahoo.com,(185)188-8880,2024-02-07,1
43,Amanda Hughes,0515 Jessica Road Apt. 952,West Amyburgh,WI,90243,zwelch@gmail.com,704-303-0548,2024-02-13,1
44,Kimberly King PhD,5054 Lauren Mews,Paulfurt,HI,65539,sandra84@gmail.com,001-616-928-4511x5447,2024-07-21,1
45,Carol Wallace,59640 Emily Lodge Suite 820,Port Cathy,NV,05062,youngdeanna@reyes-bradley.org,(755)719-2856,2023-12-10,1
46,Danielle Wilson,8681 Hampton Squares,Lewisport,NM,26738,melissahayes@wallace.com,+1-518-844-2258x31323,2024-12-13,1
47,Isaac Armstrong MD,114 Key Stravenue,Foxchester,OK,10167,dawn77@holmes.net,+1-922-680-1824x2253,2024-01-03,1
48,Kelly Campbell,3842 Mendez Course,New Shelly,GA,86842,bryananthony@gmail.com,+1-943-969-0784x4736,2023-11-27,1
49,Michael Moore,7359 Larry Stravenue Suite 562,Zacharyville,IA,61642,shannon21@roberts.org,(325)953-2787x74701,2024-02-09,1
50,Tracy Lewis,04797 Herrera Vista Apt. 624,Kathrynstad,MO,07206,angela16@cole.org,+1-912-165-5852x39868,2023-05-11,1
51,Chad Cook,729 Mark Ridge Suite 269,Brittneyhaven,NY,70275,thomas05@yahoo.com,+1-169-409-7499x30972,2024-05-21,1
52,Lisa Randall,309 James Mill,Robertchester,IL,54289,thorntonapril@hotmail.com,786-527-8585x49733,2023-11-12,1
53,Courtney Dudley,3757 Castro Underpass Suite 419,Huangfurt,MI,19699,robertsjennifer@yahoo.com,473.384.8421x993,2023-10-15,1
54,Taylor Perez,16571 Adam Plaza,South Denise,NJ,63081,manuel01@andrews.com,(620)672-4004,2024-06-24,1
55,Tanya Rogers,887 Melissa Mountain Suite 315,Lake Stephen,VT,24906,krystal93@carr.biz,(851)612-2753x04637,2024-11-15,1
56,Gary Aguilar,5301 Parker Lodge,Hannahport,RI,29448,timothygibson@brooks.net,+1-339-187-8519x10883,2024-06-27,1
57,Carmen Bond,39718 Stokes Motorway Apt. 867,New Stevenport,AK,52398,reesebeth@gmail.com,(518)017-0462x26567,2025-02-13,1
58,Jamie Miller,512 Rice Stream,Port Adam,ME,61187,pmorrow@yahoo.com,(243)106-9033x119,2023-05-06,1
59,Michael Brennan,067 Amber Throughway,East Williamport,VA,76012,joel28@gmail.com,(440)892-6870x56856,2024-02-21,1
60,James Webster,34270 Faulkner Point Apt. 634,West Deborah,MN,12620,adamsemily@williams.org,001-837-354-0331x7393,2024-02-12,1
61,Kristen Rowe,8544 Hunt Parks Suite 175,West Lawrence,OK,29503,greensarah@cortez.com,(937)854-7772x5228,2024-04-23,1
62,Steve Mooney,010 Robert Ville,North Jasmine,IL,66788,bruce97@hotmail.com,008.860.0848x4086,2024-12-26,1
63,Cassie Hull,39845 Norton Common,Susanmouth,IA,91889,gabriella10@sullivan.net,002.176.5918x0339,2024-04-13,1
64,Thomas Cohen,902 Smith Fords Apt. 614,New John,MS,89241,icampos@hotmail.com,001-185-016-3159x9965,2023-05-03,1
65,Rachel Hayes,8662 Miller River,Laurenland,KY,20715,jodistewart@gmail.com,047-541-2126,2024-03-23,1
66,Kayla Garcia,8199 Shields Bridge,Robertland,OH,32317,rjackson@adams-thomas.com,(464)715-4379x93712,2023-12-02,1
67,James Skinner,7569 Kevin Rapids Apt. 752,Novakport,UT,83456,markramirez@yahoo.com,(193)982-8073x741,2025-01-05,1
68,Rebecca Chambers,434 Jennifer Turnpike,Jonesfort,MO,70541,gibbsmichael@hotmail.com,+1-113-529-0965x610,2023-06-25,1
69,Jorge Stone,5679 Michael Burg,Garciachester,CO,15714,larry73@webb.info,140-105-1238x28258,2024-03-06,1
70,Crystal Sullivan,66093 Vargas Loaf,Lake Jasonview,VT,08701,michaelgonzalez@baker.net,+1-596-969-1557x9249,2024-07-11,1
71,Cesar Wilson,25286 Carlson Ports Suite 627,New Garrett,DC,25024,wharvey@gmail.com,236.887.6767x7219,2023-05-03,1
72,Connie Johnson,427 Dunn Creek,West Kimberlystad,WV,05954,veronicagarcia@hotmail.com,001-340-745-1713x39596,2023-08-16,1
73,Rachel Li,584 Mario Squares,Keithview,NY,89538,sydneyfloyd@riddle.com,001-232-536-7294x667,2023-06-07,1
74,Sheryl Davis,577 Perkins Ways Apt. 751,Robinsonchester,IL,65344,maria58@hotmail.com,(975)001-7012,2024-03-17,1
75,William Patterson,424 Diamond Glen,West Elizabethburgh,MO,82500,rubendavis@gmail.com,3712938700,2024-10-01,1
76,Bryan Dalton,1361 Dakota Land,Derrickberg,TX,19225,bishopfrank@bowen-fuller.com,(973)112-1965x65234,2024-08-22,1
77,Juan Greene,043 Julie Hill Apt. 376,East Victorland,AL,47830,paulcombs@yahoo.com,(827)109-1043x006,2024-05-07,1
78,Micheal Wang,618 Joshua Inlet Apt. 832,Peterland,UT,57843,sanchezsandy@chavez.com,210-202-7588x4252,2024-11-12,1
79,Debra Tanner,6481 Joseph Ports,South Spencerstad,NM,74803,eric19@sharp.com,3075622086,2023-10-01,1
80,Jason Cortez,95180 Jeffrey Path Apt. 617,Kiaraport,CO,72995,woodkelly@yahoo.com,001-937-597-3832x0603,2024-06-03,1
81,Ryan Wiley,64138 Robert Circle Apt. 410,Port April,MN,60592,wagnerdana@jones-bradley.biz,+1-234-456-5574x31329,2023-07-03,1
82,Christopher Owens,85374 Baker Crest Apt. 249,East Marymouth,CO,93713,randy04@wilkins-thompson.biz,883.171.2100x323,2025-01-08,1
83,Michael Pace,941 Wendy Flat,Lambland,MA,16560,kwilliams@underwood-foster.com,(625)324-4720x9993,2024-08-24,1
84,Jason Pierce,46263 Crystal Unions,South Kimberlystad,ND,64028,paul20@yahoo.com,+1-304-078-5932x133,2023-11-03,1
85,Raven Mclaughlin,652 Joel Island,Robintown,UT,46596,marycochran@weaver-thompson.com,039-308-7059,2023-09-13,1
86,Gina Thompson,02921 Yu Landing Suite 915,Marcusburgh,NE,84290,grant89@yahoo.com,926.442.2096,2025-01-29,1
87,Traci Johnson DDS,917 Mark Club,West Toni,SC,12130,nsmith@gmail.com,001-154-100-6762x676,2024-01-07,1
88,Ashley Mendoza,71040 Green Cove,West Georgefurt,VA,10331,brooke97@johnson.biz,(015)336-8844,2023-11-26,1
89,Anthony Armstrong,05061 Colon Road Suite 310,East Danielle,NJ,15640,qruiz@yahoo.com,862-565-2704,2024-03-16,1
90,Darrell Adams,11586 Angela Ville,Cardenaschester,TX,62737,zevans@johnson.org,+1-921-722-3320x61632,2025-01-16,1
91,Emma Acosta,68685 Stone Well,Port Isabellashire,WY,55498,khernandez@aguilar.com,001-148-564-6799,2024-04-11,1
92,Donald Thomas,65307 Prince Brooks Suite 444,Garrisonville,IN,18115,uschroeder@yahoo.com,001-691-373-6785x0821,2023-12-07,1
93,Jennifer Deleon,33030 Williams Lake,West Micheal,NY,52529,allentracy@thompson-harrell.org,+1-552-414-0602,2025-02-01,1
94,Traci Vincent,346 Michelle Trafficway,South Rhondaburgh,AL,29830,jennifer46@yahoo.com,(743)748-9691x085,2024-06-19,1
95,Lisa Evans,1545 Green Station,Jacobhaven,IA,07942,erin07@yahoo.com,666-099-3538x758,2023-11-29,1
96,Sara Walter,1724 Stacey Isle,East Michaelport,WY,43927,brenda71@yahoo.com,9991738168,2023-11-27,1
97,Seth Hernandez,6972 Huffman Falls,South Marvinburgh,SC,08104,whill@johnston.info,001-129-666-6760x08350,2025-03-02,1
98,Roy Lee,335 Anderson Lights,Garyton,LA,60260,ibarron@yahoo.com,532.603.3230x9821,2024-01-19,1
99,Rebecca Brooks,909 Ebony Shoal Apt. 016,Jamesside,NJ,92496,heathermccoy@fisher-garcia.net,992-618-9141x173,2024-07-26,1
100,Dennis Mills,6420 Lozano Spurs,Riveratown,TN,12166,fhernandez@jones.com,447.012.0455x611,2025-01-30,1
101,Amber Christian,5794 Nathan Junctions,North Richard,KY,51057,zbanks@gmail.com,202-169-7972,2024-07-27,1
102,Ian Johnson,7167 Bryan Shoal,Alexanderhaven,WA,76083,april91@stanley-wright.com,+1-628-900-2877x21753,2023-12-23,1
103,Amber Walker,3177 Miller Parks Suite 517,North Richardton,OH,00523,pamela83@powers.com,758.997.5711,2024-11-19,1
104,April Kelly,851 Penny Park Apt. 614,East David,MO,28758,jenniferrodriguez@yahoo.com,9177982708,2024-11-01,1
105,Timothy Roberson,292 Dale Shoals Suite 866,West Raymond,LA,59856,robertgraves@hunt.com,001-833-394-5228x851,2024-11-20,1
106,John Duncan,846 Alexandra Burg Suite 200,West Karen,LA,90074,maryvaughn@yahoo.com,805.719.8386,2023-10-11,1
107,Rebecca Horton,6658 Alexander Glen,New Misty,NV,30064,kimberlybrandt@yahoo.com,212.281.6064x842,2023-08-12,1
108,Dawn Rivera,25909 Henry Ports,Charlesmouth,IN,24601,robertherrera@bailey.com,543-987-8015x73993,2023-05-10,1
109,Erica Moon,4840 Robertson Pass,Tuckerport,SD,25733,vaughangary@hotmail.com,+1-013-361-3861,2024-11-10,1
110,Allison Love,10248 Bailey Forks,Rickeymouth,MO,57258,pricedavid@gmail.com,+1-919-015-8144x9147,2024-01-31,1
111,Matthew Wells,68424 Bernard Branch,North Bobby,PA,52154,jason53@whitehead-york.com,(239)431-2908,2024-04-02,1
112,Angel Powers,39755 Emily Freeway Apt. 491,West Todd,RI,86932,arianadiaz@yahoo.com,(205)336-4525x77754,2024-04-22,1
113,Casey Obrien,83411 Melissa Roads Apt. 996,North Andrea,ND,62380,philip94@marshall.com,(580)392-8272x2992,2024-11-01,1
114,Teresa Williams,14530 April Turnpike Suite 677,North Tinamouth,VT,68838,beth92@yahoo.com,+1-659-184-6386x5577,2025-02-27,1
115,Kathryn Taylor,18432 Eric Rapids,Lake Jerrymouth,DE,63614,kclark@hotmail.com,(030)299-2280x92024,2025-03-26,1
116,Tyler Greene,413 Obrien Mountains,Jacksonchester,FL,76869,gary57@garza.com,3886291279,2024-07-18,1
117,Richard Gordon,72980 Boyd Land,Lake Alyssabury,NJ,50470,colemanjonathan@gmail.com,498-643-0098,2023-07-10,1
118,Jaime Harris,5126 Green Plain Suite 959,Victoriafurt,IL,54663,mitchellpeters@yahoo.com,956-213-7213x8658,2024-07-29,1
119,Michelle Martin,27961 Jose Land,New Benjaminfurt,RI,86507,bautistalori@hotmail.com,703.843.0988x3920,2024-01-14,1
120,Aaron Moore,5669 April Street Apt. 184,Michaelview,PA,25997,qandrews@gmail.com,(818)184-5184x89476,2024-06-20,1
121,Mr. Gerald Rowe,071 Jones Roads Apt. 356,Zacharytown,KS,33040,rosskaitlyn@yahoo.com,827-553-9423,2024-05-01,1
122,Cynthia Allen,33395 Kimberly Crest Apt. 790,Port Timothymouth,OK,36510,traceymoon@yahoo.com,(392)086-7808x5627,2023-07-12,1
123,Julia Norris,369 Mark Ridge,Jacobview,KY,62281,ivan63@yahoo.com,001-556-472-9293x143,2024-06-14,1
124,James Thomas,0267 Wendy Vista,Kristenport,OH,74928,kgarcia@lewis.info,+1-175-455-8845x0615,2025-02-11,1
125,Lisa Ray,5587 Preston Light,Stevenberg,GA,84463,kwelch@yahoo.com,125-355-4496,2023-11-06,1
126,Priscilla Mcmillan,2202 Ebony Summit Apt. 326,North Calebfort,AR,03956,garciachristine@gmail.com,+1-643-347-2282x0055,2025-02-09,1
127,William Fernandez,728 Brittany Motorway Suite 884,Timothybury,CO,58416,robert24@gmail.com,8254780774,2023-04-17,1
128,Rebecca Harper,536 Foster Estates,Claytonbury,CO,55844,justin84@lopez-jones.com,179-749-7350x2080,2023-09-01,1
129,Diane Martinez,031 Alexis Forge Suite 647,Steventon,CO,98879,adamsphilip@harrison.biz,1367303718,2024-09-08,1
130,Mrs. Melanie Collins,08814 Little Flat Suite 031,Lake Ryan,GA,36689,amccormick@perkins.info,001-925-132-7195x005,2024-08-22,1
131,Joshua Rodriguez,58573 Hannah Knolls Apt. 407,Hansenside,NM,25375,mario74@rocha.com,448.570.8620x959,2023-10-12,1
132,Arthur Coffey,87829 Morris Row Suite 118,North Maryberg,AZ,26987,clee@may.org,001-940-539-1037x170,2024-01-15,1
133,Teresa Perry,094 Jessica Village Suite 138,North Jessicaside,ID,25813,angelagrant@garcia.info,001-612-286-8528x975,2025-03-10,1
134,William Nguyen,6593 Nicholas Plaza Suite 577,Smithton,PA,02637,adam33@smith-short.com,+1-889-921-0752,2023-07-26,1
135,Steve Wright,1969 Jessica Stream Suite 727,New Dawnton,OK,50511,weeksmatthew@butler-parrish.com,001-906-048-0589x2583,2023-08-06,1
136,Nicholas Long,981 Ryan Turnpike Suite 225,South Ashleyton,MO,34914,xshaw@anderson.info,(938)983-3146x5911,2024-09-12,1
137,Jacob Lee,042 Jensen Unions Suite 927,Port Jesusstad,WV,95985,singhjohn@mcintosh.com,147-705-3833x88487,2024-08-05,1
138,Brenda Hale,9804 Brian Flats,Briantown,MS,87057,michelle04@hotmail.com,(368)157-9812x3878,2025-03-29,1
139,Amanda Nielsen,7620 Sutton Knoll Suite 384,Lake Jonathanfurt,AK,73238,edwardprince@hotmail.com,(168)936-3926,2023-12-08,1
140,Erin Daniels,298 Michelle Inlet,South Wendy,FL,86514,carlos81@stewart.com,001-566-474-2312x20994,2024-07-23,1
141,Crystal Hall,1728 Joseph Landing,Port Paul,DC,21968,antonioduran@schaefer.com,001-331-279-7573x6609,2024-11-01,1
142,Michelle Long,177 Natalie Gardens,Terrellton,MS,68150,kellysanders@ayala-mitchell.com,(490)827-7181x29826,2024-02-25,1
143,Alexander Chavez,1452 Christopher Squares,Waltersland,VT,50844,cpierce@barr.com,(220)644-7421,2025-03-07,1
144,Dale Dean,77780 Young Radial Suite 767,New Carolbury,OH,36953,lopezbrian@johnson-nash.org,+1-451-016-2249x998,2023-08-25,1
145,Nicole Ward,45561 Bridges Circles,Thomasville,KY,43651,heathersalazar@gmail.com,001-817-946-9548,2024-06-29,1
146,Heather Anderson DDS,2934 Aaron Burg Suite 139,Gutierrezmouth,OH,84059,davidsonhannah@tyler-parker.net,+1-501-556-9902,2023-09-07,1
147,George Chambers,27278 Ford Via Suite 084,Angelatown,OK,90349,carl24@gmail.com,682-996-2914x50461,2024-04-30,1
148,Jacqueline Gallegos,84215 Kimberly Course Suite 807,East Matthew,VA,69133,douglas18@hotmail.com,(307)681-0409,2025-02-15,1
149,John Williams,94353 Justin Place Suite 714,East Joshua,RI,73852,amydunn@thomas-bush.com,001-321-495-8702,2023-05-02,1
150,Michael Rodriguez,66299 Jensen Inlet,Lisaside,WV,61540,hesssamantha@davis-collins.info,332.945.6255x7701,2024-04-13,1
151,John Singleton,9928 Richard Station Apt. 581,Amandafurt,MT,31771,terrireyes@clark-benson.biz,(958)321-9719x97581,2025-01-07,1
152,Eric Sullivan,965 Newman Circle,East Lisashire,WV,83880,donnachavez@price-lane.com,549.465.1909,2024-05-10,1
153,Cameron Phillips,008 Rodriguez Haven Apt. 369,Garrettfurt,MS,57542,thomaslopez@bridges-ward.biz,(422)010-2762,2023-06-14,1
154,Robert Dalton,278 Arnold Mission Suite 532,Jacobsshire,VA,31532,khouse@yahoo.com,0975197128,2025-02-05,1
155,Dr. Julie Miller,71894 Rebecca Place,South Shawnfort,VA,43953,susan44@gmail.com,9494079290,2024-08-31,1
156,Rhonda Weber MD,81442 Hill Glens,Lake Danielburgh,OR,97358,lwood@patton-young.com,051.292.7663x72395,2023-05-22,1
157,Nicole Wilson,6747 Noah Squares,Wellsberg,NE,02055,ureyes@hotmail.com,+1-018-569-4544x14967,2024-11-30,1
158,Dana Powers,525 Emily Village,North Roberthaven,TX,58951,jessicaking@gmail.com,9109391119,2023-07-19,1
159,Phillip Wong,24471 Livingston Harbor,Schwartzmouth,GA,10199,reyesmarvin@gmail.com,427-173-9627x128,2024-11-27,1
160,Louis Rodriguez,410 Chad Stream Suite 707,Lake Danielle,TN,51682,isabelconway@hotmail.com,8776618306,2024-09-26,1
161,Karen Bradley,4601 Nichols Junctions Apt. 743,New Benjamin,TN,25536,omosley@hotmail.com,(717)320-3093x761,2024-12-15,1
162,Elizabeth Ferguson,05050 Wilson Valley Suite 829,North Benjamin,NM,86200,nmeadows@sanchez.com,2041792911,2023-07-07,1
163,Robert Walker PhD,6519 Marc Underpass Apt. 092,Bryanview,WV,54916,angela73@williams.org,(207)100-2194x6723,2023-07-30,1
164,Kelly Jenkins,092 Salazar Corners,Michaeltown,IA,25654,montgomerymichelle@romero.com,031-277-2200x543,2024-03-12,1
165,Luis Wu,10822 Todd Crescent Apt. 379,Robertmouth,WI,14936,coreyrojas@gmail.com,(317)970-6239x7265,2023-07-24,1
166,Cory Howard,52090 Taylor Walk Suite 762,Jeffreyport,GA,84124,christophervincent@atkins-robinson.info,406.335.6939x290,2024-02-28,1
167,Amanda Ruiz,8671 Simpson Corner,Lake Jessicaborough,MI,39270,smithelizabeth@warner.org,7726257016,2025-03-03,1
168,Kiara Phillips,989 Kristin Common Suite 085,North Patrickmouth,AZ,48417,deborahbush@hotmail.com,001-325-381-7933x554,2024-05-05,1
169,Destiny Brown,7881 Mckinney Springs Suite 795,East Patriciamouth,CO,51708,susan11@hill.com,238.046.8275x6704,2023-09-03,1
170,Shane Hall,9557 Ellis Port Apt. 424,South Nathan,WI,06703,justin29@joseph.com,(223)105-9274,2024-01-22,1
171,Justin Johnson,2578 Amanda Crossing Apt. 672,Reillyberg,WA,72085,thomas49@hotmail.com,(975)170-2814,2023-04-29,1
172,Ryan Griffin,0939 Kimberly Trafficway,Jamesland,NV,89245,ulee@jacobs.com,(265)650-4554x7813,2024-10-26,1
173,Natalie Perry,2662 Douglas Hollow Suite 851,Davischester,KY,54832,wpage@gonzalez.com,+1-704-947-8730,2024-12-14,1
174,Dennis Blanchard,46273 David Harbor Suite 195,Cunninghamview,TX,62896,william90@martin-brown.com,252.045.6504x481,2024-05-13,1
175,Mark Duran,554 Jennings Spurs,Codyshire,FL,02191,nathan76@mccall-martin.com,(833)898-8816,2024-04-01,1
176,Audrey Anderson,5452 Preston Ranch,Geraldport,WA,16045,melissathomas@parker.com,611-076-0310,2024-12-15,1
177,Leslie Harrison,14011 Briana Flats Apt. 501,Port Julie,OR,46092,melissanorman@hotmail.com,891.190.8334,2023-08-21,1
178,Kimberly Beltran,87592 Nunez Coves,Port Michael,NE,28586,urodriguez@owens.com,548.015.7164x7947,2023-10-02,1
179,Donna Wyatt,75207 Randy Pike,North Douglasfurt,OR,13833,coxjames@larson.com,674.994.6579,2024-02-18,1
180,Ms. Brittany Gibson,7732 Cory Center,South Erikaburgh,PA,89525,kevinhanson@gmail.com,+1-877-347-7848x58800,2024-03-09,1
181,Barbara Cole,7002 Dyer Expressway Suite 624,Freemanville,TX,64798,khart@hotmail.com,6479695450,2023-05-01,1
182,Bethany Richardson,561 Reed Knolls,Bellbury,IA,85446,lozanocameron@yahoo.com,520-850-7698,2025-03-10,1
183,Alex Harrison,6965 Lindsey Courts,West Tyler,WV,87976,christinacox@yahoo.com,718.344.0496,2024-12-24,1
184,Patrick Davis,541 Simmons Key,Lake Madisonhaven,ME,57243,robertking@hotmail.com,820.829.7374x896,2025-04-04,1
185,Lori Boyd,2324 Jenkins Wall Apt. 364,Debbieview,PA,31451,daniellee@gmail.com,778-660-3242x0448,2023-08-24,1
186,Amanda Sharp,15941 Mosley Skyway,South Sherryberg,DE,75339,tyler13@martinez.org,001-636-321-2347x6490,2024-04-24,1
187,Melissa Rodriguez,3425 Baldwin View Suite 090,Lake Samanthabury,OH,50923,rebecca18@gmail.com,606.441.3432x756,2024-12-13,1
188,Sean Morrow,6561 Holly Parkways Apt. 569,Shawntown,AR,84567,igibbs@morales.com,911-238-2965x77242,2024-09-24,1
189,Erin Campbell,5266 Andrew Brooks,North Terri,KS,92416,moralesroy@hernandez-rubio.com,001-108-677-1333,2025-02-07,1
190,Deborah Francis,63934 Robert Lodge Apt. 044,New Shannon,MN,76903,smithdean@yahoo.com,001-636-694-1180x053,2024-04-09,1
191,Yesenia Crosby,48964 Lambert Curve,New Harryburgh,NM,44957,christopherpage@yahoo.com,(415)027-4564,2025-03-11,1
192,Lisa Juarez,562 Doyle Overpass Apt. 870,East Brian,AZ,62137,janicegraham@yahoo.com,7587771215,2023-06-21,1
193,Duane Conley,939 Alicia Ports Apt. 613,Rhodesmouth,LA,89801,gbrooks@hernandez-miller.info,490.509.7592x304,2023-12-17,1
194,Natasha Payne,64236 Andrew Fords Apt. 664,North Kenneth,NE,96955,michaeldavis@yahoo.com,377.674.9961x65926,2024-08-11,1
195,Andrew Peterson,327 Kelly Mews Apt. 742,Lake Rebecca,IA,69063,ashley81@gmail.com,186.617.9454x91801,2024-11-05,1
196,Cassie White,16459 Todd Mission Suite 523,North Julie,KS,88766,aferguson@wilson-jackson.info,697.499.5641x220,2023-09-05,1
197,Alan Waller,72368 Christopher Trail,Hernandezchester,DE,22272,emaynard@heath.com,496.050.1667,2024-11-02,1
198,Monique Duarte,6789 Hall Circle,South Barbaraside,KY,85475,nwilson@hotmail.com,(760)243-7573x839,2025-03-16,1
199,Tammy Castaneda,46657 Christy Haven Apt. 722,East Catherine,WY,55024,jimmy80@gmail.com,(452)280-1561x931,2024-06-19,1
200,David Peterson,84289 Jasmine Mill Suite 119,Port Annahaven,GA,83066,rhondamoore@erickson-gill.info,001-125-521-3760x3754,2024-05-06,1
